Filere;Groupe;Centrale;poste_racco
Gaz;AMFARD14;AMFARD;P.SEP
Gaz;AMFARD15;AMFARD;P.SEP
Gaz;BLENOD 5;BLENOD;BEZAU
Gaz;BOUCHAIN 7;BOUCHAIN;MASTA
Gaz;COMBIGOLFE CCG;COMBIGOLFE C;DARSE
Gaz;CYCOFOS;CYCOF;DARSE
Gaz;CYCOFOS PL1;CYCOFOS P;DARSE
Gaz;Croix-de-Metz;Croix-de-Me;C.MET
Gaz;DK6 1;DK6;G.SYN
Gaz;DK6 2;DK6;G.SYN
Gaz;DK6-TG1;DK6-T;G.SYN
Gaz;DK6-TG2;DK6-T;G.SYN
Gaz;DK6-TV1;DK6-T;G.SYN
Gaz;DK6-TV2;DK6-T;G.SYN
Gaz;EMILE HUCHET 7;EMILE HUCHET;SSAVO
Gaz;EMILE HUCHET 8;EMILE HUCHET;SSAVO
Gaz;FR-GA-MORANT1;FR-GA-MORAN;BAYET
Gaz;GENNEVILLIERS 1;GENNEVILLIERS;FALLO
Gaz;MARTIGUES PONTEAU 5;MARTIGUES PONTEAU;PONTE
Gaz;MARTIGUES PONTEAU 6;MARTIGUES PONTEAU;PONTE
Gaz;Pont-sur-Sambre;Pont-sur-Samb;P.SAM
Gaz;SPEM CCG;SPEM C;GUERS
Charbon;BLENOD 3;BLENOD;BEZAU
Charbon;BLENOD 4;BLENOD;BEZAU
Charbon;CORDEMAIS 4;CORDEMAIS;COR.P
Charbon;CORDEMAIS 5;CORDEMAIS;COR.P
Charbon;EMILE HUCHET 6;EMILE HUCHET;SSAVO
Charbon;HAVRE (LE) 2;HAVRE (LE);HAVR5
Charbon;HAVRE 4;HAVRE;HAVR5
Charbon;PROVENCE 5;PROVENCE;VLEJU
Fioul;ARAMON 1;ARAMON;AGASS
Fioul;ARAMON 2;ARAMON;AGASS
Fioul;ARRIGHI 1;ARRIGHI;ARRIG
Fioul;ARRIGHI 2;ARRIGHI;ARRIG
Fioul;BRENNILIS 1;BRENNILIS;BRENN
Fioul;BRENNILIS 2;BRENNILIS;BRENN
Fioul;BRENNILIS 3;BRENNILIS;BRENN
Fioul;CORDEMAIS 2;CORDEMAIS;COR.P
Fioul;CORDEMAIS 3;CORDEMAIS;COR.P
Fioul;DIRINON 1;DIRINON;MARTY
Fioul;DIRINON 2;DIRINON;MARTY
Fioul;MONTEREAU 5;MONTEREAU;CHESN
Fioul;MONTEREAU 6;MONTEREAU;CHESN
Fioul;PORCHEVILLE 1;PORCHEVILLE;PORCH
Fioul;PORCHEVILLE 2;PORCHEVILLE;PORCH
Fioul;PORCHEVILLE 3;PORCHEVILLE;PORCH
Fioul;PORCHEVILLE 4;PORCHEVILLE;PORCH
Fioul;VAIRES 1;VAIRES;VLEVA
Fioul;VAIRES 2;VAIRES;VLEVA
Fioul;VAIRES 3;VAIRES;VLEVA
Hydraulique STEP;CHEYLAS 1;CHEYLAS;G.ILE
Hydraulique STEP;CHEYLAS 2;CHEYLAS;G.ILE
Hydraulique STEP;GRAND MAISON 1;GRAND MAISON;EYBEN
Hydraulique STEP;GRAND MAISON 10;GRAND MAISON ;EYBEN
Hydraulique STEP;GRAND MAISON 11;GRAND MAISON ;EYBEN
Hydraulique STEP;GRAND MAISON 12;GRAND MAISON ;EYBEN
Hydraulique STEP;GRAND MAISON 2;GRAND MAISON;EYBEN
Hydraulique STEP;GRAND MAISON 3;GRAND MAISON;EYBEN
Hydraulique STEP;GRAND MAISON 4;GRAND MAISON;EYBEN
Hydraulique STEP;GRAND MAISON 5;GRAND MAISON;EYBEN
Hydraulique STEP;GRAND MAISON 6;GRAND MAISON;EYBEN
Hydraulique STEP;GRAND MAISON 7;GRAND MAISON;EYBEN
Hydraulique STEP;GRAND MAISON 8;GRAND MAISON;EYBEN
Hydraulique STEP;GRAND MAISON 9;GRAND MAISON;EYBEN
Hydraulique STEP;MONTEZIC 1;MONTEZIC;MTEZI
Hydraulique STEP;MONTEZIC 2;MONTEZIC;MTEZI
Hydraulique STEP;MONTEZIC 3;MONTEZIC;MTEZI
Hydraulique STEP;MONTEZIC 4;MONTEZIC;MTEZI
Hydraulique STEP;REVIN 1;REVIN;MAZUR
Hydraulique STEP;REVIN 2;REVIN;MAZUR
Hydraulique STEP;REVIN 3;REVIN;MAZUR
Hydraulique STEP;REVIN 4;REVIN;MAZUR
Hydraulique STEP;SUPER BISSORTE 1;SUPER BISSORTE;P.AND
Hydraulique STEP;SUPER BISSORTE 2;SUPER BISSORTE;P.AND
Hydraulique STEP;SUPER BISSORTE 3;SUPER BISSORTE;P.AND
Hydraulique STEP;SUPER BISSORTE 4;SUPER BISSORTE;P.AND
Hydraulique STEP;SUPER BISSORTE 5;SUPER BISSORTE;P.AND
Hydraulique fil de l'eau / éclusée;CHASTANG (LE) 1;CHASTANG (LE);TALAM
Hydraulique fil de l'eau / éclusée;CHASTANG 2;CHASTANG;TALAM
Hydraulique fil de l'eau / éclusée;CHASTANG 3;CHASTANG;TALAM
Hydraulique fil de l'eau / éclusée;SAINT-PIERRE;SAINT-PIER;MOLE 
Hydraulique lacs;AIGLE 6;AIGLE;BREUI
Hydraulique lacs;BATHIE 4;BATHIE;ALBER
Hydraulique lacs;BATHIE 5;BATHIE;ALBER
Hydraulique lacs;BATHIE 6;BATHIE;ALBER
Hydraulique lacs;BORT 1;BORT;MOLE 
Hydraulique lacs;BORT 2;BORT;MOLE 
Hydraulique lacs;BROMMAT 7;BROMMAT;RUEYR
Hydraulique lacs;COMBE D'AVRIEUX 1;COMBE D'AVRIEUX;AUSSO
Hydraulique lacs;POUGET 4;POUGET;SSVIC
Hydraulique lacs;SISTERON 1;SISTERON;SISTE
Hydraulique lacs;SISTERON 2;SISTERON;SISTE
Hydraulique lacs;VILLARODIN 1;VILLARODIN;AUSSO
Hydraulique lacs;VILLARODIN 2;VILLARODIN;AUSSO
Nucléaire;BELLEVILLE 1;BELLEVILLE;GAUGL
Nucléaire;BELLEVILLE 2;BELLEVILLE;GAUGL
Nucléaire;BLAYAIS 1;BLAYAIS;BRAUD
Nucléaire;BLAYAIS 2;BLAYAIS;BRAUD
Nucléaire;BLAYAIS 3;BLAYAIS;BRAUD
Nucléaire;BLAYAIS 4;BLAYAIS;BRAUD
Nucléaire;BUGEY 2;BUGEY;SSV.E
Nucléaire;BUGEY 3;BUGEY;SSV.E
Nucléaire;BUGEY 4;BUGEY;SSV.E
Nucléaire;BUGEY 5;BUGEY;SSV.E
Nucléaire;CATTENOM 1;CATTENOM;SSHUB
Nucléaire;CATTENOM 2;CATTENOM;SSHUB
Nucléaire;CATTENOM 3;CATTENOM;SSHUB
Nucléaire;CATTENOM 4;CATTENOM;SSHUB
Nucléaire;CHINON 1;CHINON;AVOI5
Nucléaire;CHINON 2;CHINON;AVOI5
Nucléaire;CHINON 3;CHINON;AVOI5
Nucléaire;CHINON 4;CHINON;AVOI5
Nucléaire;CHOOZ 1;CHOOZ;CHOO5
Nucléaire;CHOOZ 2;CHOOZ;CHOO5
Nucléaire;CIVAUX 1;CIVAUX;VALDI
Nucléaire;CIVAUX 2;CIVAUX;VALDI
Nucléaire;CRUAS 1;CRUAS;COULA
Nucléaire;CRUAS 2;CRUAS;COULA
Nucléaire;CRUAS 3;CRUAS;COULA
Nucléaire;CRUAS 4;CRUAS;COULA
Nucléaire;DAMPIERRE 1;DAMPIERRE;TABAR
Nucléaire;DAMPIERRE 2;DAMPIERRE;TABAR
Nucléaire;DAMPIERRE 3;DAMPIERRE;TABAR
Nucléaire;DAMPIERRE 4;DAMPIERRE;TABAR
Nucléaire;FESSENHEIM 1;FESSENHEIM;MUHLB
Nucléaire;FESSENHEIM 2;FESSENHEIM;MUHLB
Nucléaire;FLAMANVILLE 1;FLAMANVILLE;TOLLE
Nucléaire;FLAMANVILLE 2;FLAMANVILLE;TOLLE
Nucléaire;GOLFECH 1;GOLFECH;DONZA
Nucléaire;GOLFECH 2;GOLFECH;DONZA
Nucléaire;GRAVELINES 1;GRAVELINES;WARAN
Nucléaire;GRAVELINES 2;GRAVELINES;WARAN
Nucléaire;GRAVELINES 3;GRAVELINES;WARAN
Nucléaire;GRAVELINES 4;GRAVELINES;WARAN
Nucléaire;GRAVELINES 5;GRAVELINES;WARAN
Nucléaire;GRAVELINES 6;GRAVELINES;WARAN
Nucléaire;NOGENT 1;NOGENT;BARBU
Nucléaire;NOGENT 2;NOGENT;BARBU
Nucléaire;PALUEL 1;PALUEL;BARNA
Nucléaire;PALUEL 2;PALUEL;BARNA
Nucléaire;PALUEL 3;PALUEL;BARNA
Nucléaire;PALUEL 4;PALUEL;BARNA
Nucléaire;PENLY 1;PENLY;PENL5
Nucléaire;PENLY 2;PENLY;PENL5
Nucléaire;ST ALBAN 1;ST ALBAN;P.COR
Nucléaire;ST ALBAN 2;ST ALBAN;P.COR
Nucléaire;ST LAURENT 1;ST LAURENT;VERGE
Nucléaire;ST LAURENT 2;ST LAURENT;VERGE
Nucléaire;TRICASTIN 1;TRICASTIN;TRI.P
Nucléaire;TRICASTIN 2;TRICASTIN;TRI.P
Nucléaire;TRICASTIN 3;TRICASTIN;TRI.P
Nucléaire;TRICASTIN 4;TRICASTIN;TRI.P
Autre;CYCOFOS PL2;CYCOFOS PL;DARSE
